{"Author":"janekb04","Colors":{"Border":{"a":0.28999999165534973,"b":0.1882352977991104,"g":0.1882352977991104,"r":0.1882352977991104},"BorderShadow":{"a":0.23999999463558197,"b":0.0,"g":0.0,"r":0.0},"Button":{"a":0.5400000214576721,"b":0.0470588244497776,"g":0.0470588244497776,"r":0.0470588244497776},"ButtonActive":{"a":1.0,"b":0.22745098173618317,"g":0.21960784494876862,"r":0.20000000298023224},"ButtonHovered":{"a":0.5400000214576721,"b":0.1882352977991104,"g":0.1882352977991104,"r":0.1882352977991104},"CheckMark":{"a":1.0,"b":0.8588235378265381,"g":0.6666666865348816,"r":0.3294117748737335},"ChildBg":{"a":0.0,"b":0.0,"g":0.0,"r":0.0},"DragDropTarget":{"a":1.0,"b":0.8588235378265381,"g":0.6666666865348816,"r":0.3294117748737335},"FrameBg":{"a":0.5400000214576721,"b":0.0470588244497776,"g":0.0470588244497776,"r":0.0470588244497776},"FrameBgActive":{"a":1.0,"b":0.22745098173618317,"g":0.21960784494876862,"r":0.20000000298023224},"FrameBgHovered":{"a":0.5400000214576721,"b":0.1882352977991104,"g":0.1882352977991104,"r":0.1882352977991104},"Header":{"a":0.5199999809265137,"b":0.0,"g":0.0,"r":0.0},"HeaderActive":{"a":0.33000001311302185,"b":0.22745098173618317,"g":0.21960784494876862,"r":0.20000000298023224},"HeaderHovered":{"a":0.36000001430511475,"b":0.0,"g":0.0,"r":0.0},"MenuBarBg":{"a":1.0,"b":0.13725490868091583,"g":0.13725490868091583,"r":0.13725490868091583},"ModalWindowDimBg":{"a":0.3499999940395355,"b":0.0,"g":0.0,"r":1.0},"NavHighlight":{"a":1.0,"b":0.0,"g":0.0,"r":1.0},"NavWindowingDimBg":{"a":0.20000000298023224,"b":0.0,"g":0.0,"r":1.0},"NavWindowingHighlight":{"a":0.699999988079071,"b":0.0,"g":0.0,"r":1.0},"PlotHistogram":{"a":1.0,"b":0.0,"g":0.0,"r":1.0},"PlotHistogramHovered":{"a":1.0,"b":0.0,"g":0.0,"r":1.0},"PlotLines":{"a":1.0,"b":0.0,"g":0.0,"r":1.0},"PlotLinesHovered":{"a":1.0,"b":0.0,"g":0.0,"r":1.0},"PopupBg":{"a":0.9200000166893005,"b":0.1882352977991104,"g":0.1882352977991104,"r":0.1882352977991104},"ResizeGrip":{"a":0.28999999165534973,"b":0.27843138575553894,"g":0.27843138575553894,"r":0.27843138575553894},"ResizeGripActive":{"a":1.0,"b":0.46666666865348816,"g":0.43921568989753723,"r":0.4000000059604645},"ResizeGripHovered":{"a":0.28999999165534973,"b":0.43921568989753723,"g":0.43921568989753723,"r":0.43921568989753723},"ScrollbarBg":{"a":0.5400000214576721,"b":0.0470588244497776,"g":0.0470588244497776,"r":0.0470588244497776},"ScrollbarGrab":{"a":0.5400000214576721,"b":0.33725491166114807,"g":0.33725491166114807,"r":0.33725491166114807},"ScrollbarGrabActive":{"a":0.5400000214576721,"b":0.5568627715110779,"g":0.5568627715110779,"r":0.5568627715110779},"ScrollbarGrabHovered":{"a":0.5400000214576721,"b":0.4000000059604645,"g":0.4000000059604645,"r":0.4000000059604645},"Separator":{"a":0.28999999165534973,"b":0.27843138575553894,"g":0.27843138575553894,"r":0.27843138575553894},"SeparatorActive":{"a":1.0,"b":0.46666666865348816,"g":0.43921568989753723,"r":0.4000000059604645},"SeparatorHovered":{"a":0.28999999165534973,"b":0.43921568989753723,"g":0.43921568989753723,"r":0.43921568989753723},"SliderGrab":{"a":0.5400000214576721,"b":0.33725491166114807,"g":0.33725491166114807,"r":0.33725491166114807},"SliderGrabActive":{"a":0.5400000214576721,"b":0.5568627715110779,"g":0.5568627715110779,"r":0.5568627715110779},"Tab":{"a":0.5199999809265137,"b":0.0,"g":0.0,"r":0.0},"TabActive":{"a":0.36000001430511475,"b":0.20000000298023224,"g":0.20000000298023224,"r":0.20000000298023224},"TabHovered":{"a":1.0,"b":0.13725490868091583,"g":0.13725490868091583,"r":0.13725490868091583},"TabUnfocused":{"a":0.5199999809265137,"b":0.0,"g":0.0,"r":0.0},"TabUnfocusedActive":{"a":1.0,"b":0.13725490868091583,"g":0.13725490868091583,"r":0.13725490868091583},"TableBorderLight":{"a":1.0,"b":0.1882352977991104,"g":0.1882352977991104,"r":0.1882352977991104},"TableBorderStrong":{"a":0.28999999165534973,"b":0.1882352977991104,"g":0.1882352977991104,"r":0.1882352977991104},"TableHeaderBg":{"a":0.5199999809265137,"b":0.0,"g":0.0,"r":0.0},"TableRowBg":{"a":0.0,"b":0.0,"g":0.0,"r":0.0},"TableRowBgAlt":{"a":0.05999999865889549,"b":1.0,"g":1.0,"r":1.0},"Text":{"a":1.0,"b":1.0,"g":1.0,"r":1.0},"TextDisabled":{"a":1.0,"b":0.49803921580314636,"g":0.49803921580314636,"r":0.49803921580314636},"TextSelectedBg":{"a":1.0,"b":0.22745098173618317,"g":0.21960784494876862,"r":0.20000000298023224},"TitleBg":{"a":1.0,"b":0.0,"g":0.0,"r":0.0},"TitleBgActive":{"a":1.0,"b":0.05882352963089943,"g":0.05882352963089943,"r":0.05882352963089943},"TitleBgCollapsed":{"a":1.0,"b":0.0,"g":0.0,"r":0.0},"WindowBg":{"a":1.0,"b":0.09803921729326248,"g":0.09803921729326248,"r":0.09803921729326248}},"Name":"Deep Dark","Style":{"Alpha":1.0,"ButtonTextAlign":{"x":0.5,"y":0.5},"CellPadding":{"x":6.0,"y":6.0},"ChildBorderSize":1.0,"ChildRounding":4.0,"ColorButtonPosition":1,"ColumnsMinSpacing":6.0,"DisabledAlpha":0.6000000238418579,"FrameBorderSize":1.0,"FramePadding":{"x":5.0,"y":2.0},"FrameRounding":3.0,"GrabMinSize":10.0,"GrabRounding":3.0,"IndentSpacing":25.0,"ItemInnerSpacing":{"x":6.0,"y":6.0},"ItemSpacing":{"x":6.0,"y":6.0},"PopupBorderSize":1.0,"PopupRounding":4.0,"ScrollbarRounding":9.0,"ScrollbarSize":15.0,"SelectableTextAlign":{"x":0.0,"y":0.0},"TabBorderSize":1.0,"TabMinWidthForCloseButton":0.0,"TabRounding":4.0,"WindowBorderSize":1.0,"WindowMenuButtonPosition":0,"WindowMinSize":{"x":32.0,"y":32.0},"WindowPadding":{"x":8.0,"y":8.0},"WindowRounding":7.0,"WindowTitleAlign":{"x":0.0,"y":0.5}}}