{"Author":"MomoDeve","Colors":{"Border":{"a":1.0,"b":0.30588236451148987,"g":0.30588236451148987,"r":0.30588236451148987},"BorderShadow":{"a":1.0,"b":0.30588236451148987,"g":0.30588236451148987,"r":0.30588236451148987},"Button":{"a":1.0,"b":0.20000000298023224,"g":0.20000000298023224,"r":0.20000000298023224},"ButtonActive":{"a":1.0,"b":0.9254902005195618,"g":0.5921568870544434,"r":0.11372549086809158},"ButtonHovered":{"a":1.0,"b":0.9254902005195618,"g":0.5921568870544434,"r":0.11372549086809158},"CheckMark":{"a":1.0,"b":0.7843137383460999,"g":0.46666666865348816,"r":0.0},"ChildBg":{"a":1.0,"b":0.14901961386203766,"g":0.14509804546833038,"r":0.14509804546833038},"DragDropTarget":{"a":1.0,"b":0.14901961386203766,"g":0.14509804546833038,"r":0.14509804546833038},"FrameBg":{"a":1.0,"b":0.21568627655506134,"g":0.20000000298023224,"r":0.20000000298023224},"FrameBgActive":{"a":1.0,"b":0.7843137383460999,"g":0.46666666865348816,"r":0.0},"FrameBgHovered":{"a":1.0,"b":0.9254902005195618,"g":0.5921568870544434,"r":0.11372549086809158},"Header":{"a":1.0,"b":0.21568627655506134,"g":0.20000000298023224,"r":0.20000000298023224},"HeaderActive":{"a":1.0,"b":0.7843137383460999,"g":0.46666666865348816,"r":0.0},"HeaderHovered":{"a":1.0,"b":0.9254902005195618,"g":0.5921568870544434,"r":0.11372549086809158},"MenuBarBg":{"a":1.0,"b":0.21568627655506134,"g":0.20000000298023224,"r":0.20000000298023224},"ModalWindowDimBg":{"a":1.0,"b":0.14901961386203766,"g":0.14509804546833038,"r":0.14509804546833038},"NavHighlight":{"a":1.0,"b":0.14901961386203766,"g":0.14509804546833038,"r":0.14509804546833038},"NavWindowingDimBg":{"a":0.20000000298023224,"b":0.800000011920929,"g":0.800000011920929,"r":0.800000011920929},"NavWindowingHighlight":{"a":0.699999988079071,"b":1.0,"g":1.0,"r":1.0},"PlotHistogram":{"a":1.0,"b":0.7843137383460999,"g":0.46666666865348816,"r":0.0},"PlotHistogramHovered":{"a":1.0,"b":0.9254902005195618,"g":0.5921568870544434,"r":0.11372549086809158},"PlotLines":{"a":1.0,"b":0.7843137383460999,"g":0.46666666865348816,"r":0.0},"PlotLinesHovered":{"a":1.0,"b":0.9254902005195618,"g":0.5921568870544434,"r":0.11372549086809158},"PopupBg":{"a":1.0,"b":0.14901961386203766,"g":0.14509804546833038,"r":0.14509804546833038},"ResizeGrip":{"a":1.0,"b":0.14901961386203766,"g":0.14509804546833038,"r":0.14509804546833038},"ResizeGripActive":{"a":1.0,"b":0.3333333432674408,"g":0.32156863808631897,"r":0.32156863808631897},"ResizeGripHovered":{"a":1.0,"b":0.21568627655506134,"g":0.20000000298023224,"r":0.20000000298023224},"ScrollbarBg":{"a":1.0,"b":0.21568627655506134,"g":0.20000000298023224,"r":0.20000000298023224},"ScrollbarGrab":{"a":1.0,"b":0.3333333432674408,"g":0.32156863808631897,"r":0.32156863808631897},"ScrollbarGrabActive":{"a":1.0,"b":0.37254902720451355,"g":0.3529411852359772,"r":0.3529411852359772},"ScrollbarGrabHovered":{"a":1.0,"b":0.37254902720451355,"g":0.3529411852359772,"r":0.3529411852359772},"Separator":{"a":1.0,"b":0.30588236451148987,"g":0.30588236451148987,"r":0.30588236451148987},"SeparatorActive":{"a":1.0,"b":0.30588236451148987,"g":0.30588236451148987,"r":0.30588236451148987},"SeparatorHovered":{"a":1.0,"b":0.30588236451148987,"g":0.30588236451148987,"r":0.30588236451148987},"SliderGrab":{"a":1.0,"b":0.9254902005195618,"g":0.5921568870544434,"r":0.11372549086809158},"SliderGrabActive":{"a":1.0,"b":0.7843137383460999,"g":0.46666666865348816,"r":0.0},"Tab":{"a":1.0,"b":0.14901961386203766,"g":0.14509804546833038,"r":0.14509804546833038},"TabActive":{"a":1.0,"b":0.7843137383460999,"g":0.46666666865348816,"r":0.0},"TabHovered":{"a":1.0,"b":0.9254902005195618,"g":0.5921568870544434,"r":0.11372549086809158},"TabUnfocused":{"a":1.0,"b":0.14901961386203766,"g":0.14509804546833038,"r":0.14509804546833038},"TabUnfocusedActive":{"a":1.0,"b":0.7843137383460999,"g":0.46666666865348816,"r":0.0},"TableBorderLight":{"a":1.0,"b":0.24705882370471954,"g":0.22745098173618317,"r":0.22745098173618317},"TableBorderStrong":{"a":1.0,"b":0.3490196168422699,"g":0.30980393290519714,"r":0.30980393290519714},"TableHeaderBg":{"a":1.0,"b":0.20000000298023224,"g":0.1882352977991104,"r":0.1882352977991104},"TableRowBg":{"a":0.0,"b":0.0,"g":0.0,"r":0.0},"TableRowBgAlt":{"a":0.05999999865889549,"b":1.0,"g":1.0,"r":1.0},"Text":{"a":1.0,"b":1.0,"g":1.0,"r":1.0},"TextDisabled":{"a":1.0,"b":0.5921568870544434,"g":0.5921568870544434,"r":0.5921568870544434},"TextSelectedBg":{"a":1.0,"b":0.7843137383460999,"g":0.46666666865348816,"r":0.0},"TitleBg":{"a":1.0,"b":0.14901961386203766,"g":0.14509804546833038,"r":0.14509804546833038},"TitleBgActive":{"a":1.0,"b":0.14901961386203766,"g":0.14509804546833038,"r":0.14509804546833038},"TitleBgCollapsed":{"a":1.0,"b":0.14901961386203766,"g":0.14509804546833038,"r":0.14509804546833038},"WindowBg":{"a":1.0,"b":0.14901961386203766,"g":0.14509804546833038,"r":0.14509804546833038}},"Name":"Visual studio","Style":{"Alpha":1.0,"ButtonTextAlign":{"x":0.5,"y":0.5},"CellPadding":{"x":4.0,"y":2.0},"ChildBorderSize":1.0,"ChildRounding":0.0,"ColorButtonPosition":1,"ColumnsMinSpacing":6.0,"DisabledAlpha":0.6000000238418579,"FrameBorderSize":0.0,"FramePadding":{"x":4.0,"y":3.0},"FrameRounding":0.0,"GrabMinSize":10.0,"GrabRounding":0.0,"IndentSpacing":21.0,"ItemInnerSpacing":{"x":4.0,"y":4.0},"ItemSpacing":{"x":8.0,"y":4.0},"PopupBorderSize":1.0,"PopupRounding":0.0,"ScrollbarRounding":0.0,"ScrollbarSize":14.0,"SelectableTextAlign":{"x":0.0,"y":0.0},"TabBorderSize":0.0,"TabMinWidthForCloseButton":0.0,"TabRounding":0.0,"WindowBorderSize":1.0,"WindowMenuButtonPosition":0,"WindowMinSize":{"x":32.0,"y":32.0},"WindowPadding":{"x":8.0,"y":8.0},"WindowRounding":0.0,"WindowTitleAlign":{"x":0.0,"y":0.5}}}